{
    "1": 1837.152587390918,
    "2": 7296.2989187097455,
    "3": 12789.392902284651,
    "4": 16428.20279248665,
    "5": 20068.735312306966,
    "6": 21874.661819949906,
    "7": 25526.042349144434,
    "8": 29156.946371987007,
    "9": 34631.97006201015,
    "10": 36443.98866296994,
    "11": 41907.787005702485,
    "12": 43722.05687394125,
    "13": 49184.3349276773,
    "14": 50998.81807386881,
    "15": 56461.71408680127,
    "16": 58281.52006736897,
    "17": 63744.31946721174,
    "18": 72846.96780369294,
    "19": 71026.49282305125,
    "20": 72847.34696449782,
    "21": 81949.6106715087,
    "22": 87403.76046549014,
    "23": 92865.16535564188,
    "24": 94681.7612295875,
    "25": 100145.93873312492,
    "26": 101963.16168070937,
    "27": 107428.65166395598,
    "28": 105609.67874342593,
    "29": 114713.64502828178,
    "30": 116535.70592190544,
    "31": 125643.64792654706,
    "32": 134750.06417352674,
    "33": 136573.71462590928,
    "34": 145678.90771471558,
    "35": 143859.32959520852,
    "36": 152961.31986894662,
    "37": 154784.7224084952,
    "38": 160242.13152708783,
    "39": 162065.44656798916,
    "40": 163886.24966855813,
    "41": 169357.96663886952,
    "42": 178470.64086201816,
    "43": 180296.82512939489,
    "44": 185760.26618598434,
    "45": 187585.25828429186,
    "46": 193050.23968165115,
    "47": 194876.06301710784,
    "48": 207633.11970055714,
    "49": 209456.9560875652,
    "50": 218568.33423700102,
    "51": 220394.17762423103,
    "52": 236804.5580359999,
    "53": 231332.6934117212,
    "54": 240446.56344971608,
    "55": 242271.80892952302,
    "56": 251385.8758394742,
    "57": 253210.78226202296,
    "58": 255032.00644983197,
    "59": 256858.92898704507,
    "60": 258681.9468971233,
    "61": 264159.7723667479,
    "62": 276932.7246377864,
    "63": 278758.3438097327,
    "64": 287878.02521621773,
    "65": 289703.1777287119,
    "66": 298824.5981708116,
    "67": 300649.57933178823,
    "68": 302472.414953018,
    "69": 307948.2279537551,
    "70": 317071.1413415241,
    "71": 318897.5115435262,
    "72": 328022.4920868371,
    "73": 329848.0182914707,
    "74": 335322.0375699386,
    "75": 340799.4857016468,
    "76": 349924.369631868,
    "77": 351749.8921907246,
    "78": 355399.04150441353,
    "79": 359048.05957013153,
    "80": 368169.9284427985,
    "81": 373645.4953535902,
    "82": 379118.2149125683,
    "83": 380947.9337607174,
    "84": 380951.6396930074,
    "85": 382783.12309720996,
    "86": 404713.2718197547,
    "87": 406540.0995667666,
    "88": 412019.1044452409,
    "89": 413846.2657808456,
    "90": 422979.4894258856,
    "91": 421152.64344998886,
    "92": 433940.03117494,
    "93": 432112.37401366746,
    "94": 444901.81613394123,
    "95": 443073.7779889753,
    "96": 450381.6905302229,
    "97": 450381.6030315757,
    "98": 457690.0751995882,
    "99": 459519.14692232513,
    "100": 468655.6955159618,
    "101": 470484.64692805876,
    "102": 472312.27310022706,
    "103": 477796.73935260245
}
